{
	"floors": 
	[
		{
			"name": "ManyAlternateRooms",
			"mapPath": "assets/ManyAlternateRooms.tmx",
			"stairsStart":
			{
				"X": 2,
				"Y": 28,
			},
			"floors": 
			[
				{
					"X":1,
					"Y":3,
					"Width":27,
					"Height":6,
				},
				{
					"X":28,
					"Y":5,
					"Width":2,
					"Height":3,
				},
				{
					"X":30,
					"Y":3,
					"Width":11,
					"Height":6,
				},				
				{
					"X":1,
					"Y":12,
					"Width":9,
					"Height":17,
				},
				{
					"X":10,
					"Y":16,
					"Width":2,
					"Height":3,
				},			
				{
					"X":12,
					"Y":12,
					"Width":16,
					"Height":8,
				},
				{
					"X":28,
					"Y":16,
					"Width":2,
					"Height":2,
				},
				{	"X":30,
					"Y":12,
					"Width":10,
					"Height":8,
				},
				{	"X":12,
					"Y":23,
					"Width":27,
					"Height":11,
				},	
			],
			"walls": 
			[
				{
					"X":1,
					"Y":1,
					"Width":27,
					"Height":3,
				},
				{
					"X":30,
					"Y":1,
					"Width":11,
					"Height":3,
				},
				{
					"X":1,
					"Y":10,
					"Width":9,
					"Height":3,
				},
				{
					"X":12,
					"Y":10,
					"Width":16,
					"Height":3,
				},
				{
					"X":30,
					"Y":10,
					"Width":3,
					"Height":3,
				},
				{
					"X":37,
					"Y":10,
					"Width":3,
					"Height":3,
				},
				{
					"X":12,
					"Y":21,
					"Width":6,
					"Height":3,
				},
				{
					"X":22,
					"Y":21,
					"Width":17,
					"Height":3,
				},			
			]
		},
		{
			"name": "ManyMoreRooms",
			"mapPath": "assets/ManyMoreRooms.tmx",
			"stairsStart":
			{
				"X": 2,
				"Y": 28,
			},
			"floors": 
			[
				{
					"X":1,
					"Y":3,
					"Width":12,
					"Height":6,
				},
				{
					"X":13,
					"Y":5,
					"Width":2,
					"Height":3,
				},
				{
					"X":15,
					"Y":3,
					"Width":13,
					"Height":6,
				},
				{
					"X":28,
					"Y":5,
					"Width":2,
					"Height":3,
				},
				{
					"X":30,
					"Y":3,
					"Width":11,
					"Height":6,
				},
				{
					"X":1,
					"Y":12,
					"Width":9,
					"Height":17,
				},
				{
					"X":10,
					"Y":12,
					"Width":9,
					"Height":8,
				},
				{
					"X":21,
					"Y":12,
					"Width":7,
					"Height":8,
				},
				{
					"X":28,
					"Y":16,
					"Width":2,
					"Height":2,
				},
				{
					"X":30,
					"Y":12,
					"Width":10,
					"Height":8,
				},
				{
					"X":12,
					"Y":23,
					"Width":7,
					"Height":8,
				},				
				{
					"X":19,
					"Y":27,
					"Width":2,
					"Height":3,
				},
				{
					"X":21,
					"Y":23,
					"Width":11,
					"Height":11,
				},
				{
					"X":32,
					"Y":23,
					"Width":7,
					"Height":7,
				},
			],
			"walls": 
			[
				{
					"X":1,
					"Y":1,
					"Width":12,
					"Height":3,
				},
				{
					"X":15,
					"Y":1,
					"Width":13,
					"Height":3,
				},
				{
					"X":30,
					"Y":1,
					"Width":11,
					"Height":3,
				},
				{
					"X":1,
					"Y":10,
					"Width":9,
					"Height":3,
				},
				{
					"X":14,
					"Y":10,
					"Width":5,
					"Height":3,
				},
				{
					"X":21,
					"Y":10,
					"Width":7,
					"Height":3,
				},
				{
					"X":30,
					"Y":10,
					"Width":10,
					"Height":3,
				},
				{
					"X":12,
					"Y":21,
					"Width":3,
					"Height":3,
				},
				{
					"X":21,
					"Y":21,
					"Width":8,
					"Height":3,
				},
				{
					"X":33,
					"Y":21,
					"Width":6,
					"Height":3,
				},
			]
		},
	]
}