{
  "0": {
    "Name": "Rusty Heart",
    "DisplayName": "Rusty Heart",
    "Description": "A rusty, dull old heart.",
    "MinDamage": 2,
    "MaxDamage": 5,
    "Knockback": 1.0,
    "Speed": 0,
    "Precision": 0,
    "Defense": 0,
    "Type": 3,
    "MineBaseLevel": -1,
    "MineMinLevel": -1,
    "AreaOfEffect": 0,
    "CritChance": 0.02,
    "CritMultiplier": 3.0,
    "CanBeLostOnDeath": true,
    "Texture": "TileSheets/weapons",
    "SpriteIndex": 0,
    "Projectiles": null,
    "CustomFields": null
  },
  "1": {
      "Name": "Silver Heart",
      "DisplayName": "Silver Heart",
      "Description": "Plated with silver to deter rust.",
      "MinDamage": 8,
      "MaxDamage": 15,
      "Knockback": 1.0,
      "Speed": 0,
      "Precision": 1,
      "Defense": 1,
      "Type": 0,
      "MineBaseLevel": 50,
      "MineMinLevel": 45,
      "AreaOfEffect": 0,
      "CritChance": 0.02,
      "CritMultiplier": 3.0,
      "CanBeLostOnDeath": true,
      "Texture": "TileSheets/weapons",
      "SpriteIndex": 1,
      "Projectiles": null,
      "CustomFields": null
  },
  "2": {
      "Name": "Dark Heart",
      "DisplayName": "Dark Heart",
      "Description": "It's glowing with vampire energy.",
      "MinDamage": 30,
      "MaxDamage": 45,
      "Knockback": 1.5,
      "Speed": -10,
      "Precision": 0,
      "Defense": 0,
      "Type": 0,
      "MineBaseLevel": -1,
      "MineMinLevel": -1,
      "AreaOfEffect": 2,
      "CritChance": 0.04,
      "CritMultiplier": 3.0,
      "CanBeLostOnDeath": true,
      "Texture": "TileSheets/weapons",
      "SpriteIndex": 2,
      "Projectiles": null,
      "CustomFields": null
  },
  "3": {
      "Name": "Holy Heart",
      "DisplayName": "Holy Heart",
      "Description": "It feels hopeful to wield.",
      "MinDamage": 18,
      "MaxDamage": 24,
      "Knockback": 1.2,
      "Speed": 0,
      "Precision": 5,
      "Defense": 0,
      "Type": 3,
      "MineBaseLevel": -1,
      "MineMinLevel": -1,
      "AreaOfEffect": 0,
      "CritChance": 0.02,
      "CritMultiplier": 3.0,
      "CanBeLostOnDeath": true,
      "Texture": "TileSheets/weapons",
      "SpriteIndex": 3,
      "Projectiles": null,
      "CustomFields": null
  },
  "4": {
      "Name": "Galaxy Heart",
      "DisplayName": "Galaxy Heart",
      "Description": "It's unlike anything you've ever seen.",
      "MinDamage": 60,
      "MaxDamage": 80,
      "Knockback": 1.0,
      "Speed": 8,
      "Precision": 0,
      "Defense": 0,
      "Type": 0,
      "MineBaseLevel": -1,
      "MineMinLevel": -1,
      "AreaOfEffect": 0,
      "CritChance": 0.02,
      "CritMultiplier": 3.0,
      "CanBeLostOnDeath": true,
      "Texture": "TileSheets/weapons",
      "SpriteIndex": 4,
      "Projectiles": null,
      "CustomFields": null
  },
  "5": {
      "Name": "Bone Heart",
      "DisplayName": "Bone Heart",
      "Description": "A very light heart of bone.",
      "MinDamage": 20,
      "MaxDamage": 30,
      "Knockback": 0.8,
      "Speed": 8,
      "Precision": 5,
      "Defense": 0,
      "Type": 0,
      "MineBaseLevel": 74,
      "MineMinLevel": 50,
      "AreaOfEffect": 0,
      "CritChance": 0.02,
      "CritMultiplier": 3.0,
      "CanBeLostOnDeath": true,
      "Texture": "TileSheets/weapons",
      "SpriteIndex": 5,
      "Projectiles": null,
      "CustomFields": null
  },
  "6": {
      "Name": "Iron Heart",
      "DisplayName": "Iron Heart",
      "Description": "A heavy heart.",
      "MinDamage": 12,
      "MaxDamage": 25,
      "Knockback": 1.2,
      "Speed": -4,
      "Precision": 0,
      "Defense": 1,
      "Type": 3,
      "MineBaseLevel": 44,
      "MineMinLevel": -1,
      "AreaOfEffect": 0,
      "CritChance": 0.02,
      "CritMultiplier": 3.0,
      "CanBeLostOnDeath": true,
      "Texture": "TileSheets/weapons",
      "SpriteIndex": 6,
      "Projectiles": null,
      "CustomFields": null
  },
  "7": {
      "Name": "Templar's Heart",
      "DisplayName": "Templar's Heart",
      "Description": "It once belonged to an honorable knight.",
      "MinDamage": 22,
      "MaxDamage": 29,
      "Knockback": 1.0,
      "Speed": 0,
      "Precision": 10,
      "Defense": 1,
      "Type": 3,
      "MineBaseLevel": 90,
      "MineMinLevel": 50,
      "AreaOfEffect": 0,
      "CritChance": 0.0,
      "CritMultiplier": 3.0,
      "CanBeLostOnDeath": true,
      "Texture": "TileSheets/weapons",
      "SpriteIndex": 7,
      "Projectiles": null,
      "CustomFields": null
  },
  "8": {
      "Name": "Obsidian Heart",
      "DisplayName": "Obsidian Heart",
      "Description": "It's incredibly hard.",
      "MinDamage": 30,
      "MaxDamage": 45,
      "Knockback": 1.0,
      "Speed": -2,
      "Precision": 0,
      "Defense": 0,
      "Type": 0,
      "MineBaseLevel": 121,
      "MineMinLevel": 100,
      "AreaOfEffect": 0,
      "CritChance": 0.02,
      "CritMultiplier": 3.2,
      "CanBeLostOnDeath": true,
      "Texture": "TileSheets/weapons",
      "SpriteIndex": 8,
      "Projectiles": null,
      "CustomFields": null
  },
  "9": {
      "Name": "Lava Heart",
      "DisplayName": "Lava Heart",
      "Description": "A powerful heart forged in a pool of churning lava.",
      "MinDamage": 55,
      "MaxDamage": 64,
      "Knockback": 1.2,
      "Speed": 0,
      "Precision": 0,
      "Defense": 3,
      "Type": 0,
      "MineBaseLevel": -1,
      "MineMinLevel": -1,
      "AreaOfEffect": 2,
      "CritChance": 0.015,
      "CritMultiplier": 3.5,
      "CanBeLostOnDeath": true,
      "Texture": "TileSheets/weapons",
      "SpriteIndex": 9,
      "Projectiles": null,
      "CustomFields": null
  },
  "10": {
      "Name": "Clay Heart",
      "DisplayName": "Clay Heart",
      "Description": "It's really heavy.",
      "MinDamage": 20,
      "MaxDamage": 32,
      "Knockback": 1.3,
      "Speed": -8,
      "Precision": 0,
      "Defense": 2,
      "Type": 3,
      "MineBaseLevel": 86,
      "MineMinLevel": 50,
      "AreaOfEffect": 0,
      "CritChance": 0.02,
      "CritMultiplier": 3.0,
      "CanBeLostOnDeath": true,
      "Texture": "TileSheets/weapons",
      "SpriteIndex": 10,
      "Projectiles": null,
      "CustomFields": null
  },
  "11": {
      "Name": "Steel Heart",
      "DisplayName": "Steel Heart",
      "Description": "A standard metal heart.",
      "MinDamage": 4,
      "MaxDamage": 8,
      "Knockback": 1.0,
      "Speed": 4,
      "Precision": 0,
      "Defense": 0,
      "Type": 0,
      "MineBaseLevel": 26,
      "MineMinLevel": -1,
      "AreaOfEffect": 0,
      "CritChance": 0.02,
      "CritMultiplier": 3.0,
      "CanBeLostOnDeath": true,
      "Texture": "TileSheets/weapons",
      "SpriteIndex": 11,
      "Projectiles": null,
      "CustomFields": null
  },
  "12": {
      "Name": "Wooden Heart",
      "DisplayName": "Wooden Heart",
      "Description": "Not bad for a piece of carved wood.",
      "MinDamage": 3,
      "MaxDamage": 7,
      "Knockback": 1.0,
      "Speed": 0,
      "Precision": 0,
      "Defense": 0,
      "Type": 0,
      "MineBaseLevel": 3,
      "MineMinLevel": -1,
      "AreaOfEffect": 0,
      "CritChance": 0.02,
      "CritMultiplier": 3.0,
      "CanBeLostOnDeath": true,
      "Texture": "TileSheets/weapons",
      "SpriteIndex": 12,
      "Projectiles": null,
      "CustomFields": null
  },
  "13": {
      "Name": "Insect Heart",
      "DisplayName": "Insect Heart",
      "Description": "Not very pleasant to wield.",
      "MinDamage": 10,
      "MaxDamage": 20,
      "Knockback": 1.0,
      "Speed": 4,
      "Precision": 9,
      "Defense": 0,
      "Type": 0,
      "MineBaseLevel": -1,
      "MineMinLevel": -1,
      "AreaOfEffect": 0,
      "CritChance": 0.04,
      "CritMultiplier": 3.0,
      "CanBeLostOnDeath": true,
      "Texture": "TileSheets/weapons",
      "SpriteIndex": 13,
      "Projectiles": null,
      "CustomFields": null
  },
  "14": {
      "Name": "Neptune's Heart",
      "DisplayName": "Neptune's Heart",
      "Description": "An heirloom from beyond the Gem Sea.",
      "MinDamage": 18,
      "MaxDamage": 35,
      "Knockback": 1.4,
      "Speed": -2,
      "Precision": 6,
      "Defense": 2,
      "Type": 3,
      "MineBaseLevel": -1,
      "MineMinLevel": -1,
      "AreaOfEffect": 0,
      "CritChance": 0.02,
      "CritMultiplier": 3.0,
      "CanBeLostOnDeath": true,
      "Texture": "TileSheets/weapons",
      "SpriteIndex": 14,
      "Projectiles": null,
      "CustomFields": null
  },
  "15": {
      "Name": "Forest Heart",
      "DisplayName": "Forest Heart",
      "Description": "Made powerful by forest magic.",
      "MinDamage": 8,
      "MaxDamage": 18,
      "Knockback": 1.0,
      "Speed": 4,
      "Precision": 5,
      "Defense": 1,
      "Type": 0,
      "MineBaseLevel": -1,
      "MineMinLevel": -1,
      "AreaOfEffect": 0,
      "CritChance": 0.02,
      "CritMultiplier": 3.0,
      "CanBeLostOnDeath": true,
      "Texture": "TileSheets/weapons",
      "SpriteIndex": 15,
      "Projectiles": null,
      "CustomFields": null
  },
  "16": {
      "Name": "Tiny Feather",
      "DisplayName": "Tiny Feather",
      "Description": "A small, light feather.",
      "MinDamage": 1,
      "MaxDamage": 3,
      "Knockback": 0.5,
      "Speed": 0,
      "Precision": 0,
      "Defense": 0,
      "Type": 1,
      "MineBaseLevel": 18,
      "MineMinLevel": -1,
      "AreaOfEffect": 0,
      "CritChance": 0.04,
      "CritMultiplier": 3.0,
      "CanBeLostOnDeath": true,
      "Texture": "TileSheets/weapons",
      "SpriteIndex": 16,
      "Projectiles": null,
      "CustomFields": null
  },
  "17": {
      "Name": "Duck Feather",
      "DisplayName": "Duck Feather",
      "Description": "A common feather, good for tickling.",
      "MinDamage": 2,
      "MaxDamage": 4,
      "Knockback": 0.5,
      "Speed": 0,
      "Precision": 0,
      "Defense": 0,
      "Type": 1,
      "MineBaseLevel": 62,
      "MineMinLevel": 50,
      "AreaOfEffect": 0,
      "CritChance": 0.03,
      "CritMultiplier": 3.0,
      "CanBeLostOnDeath": true,
      "Texture": "TileSheets/weapons",
      "SpriteIndex": 17,
      "Projectiles": null,
      "CustomFields": null
  },
  "18": {
      "Name": "Burger's Feather",
      "DisplayName": "Burger's Feather",
      "Description": "A feather of choice for the hamburglar.",
      "MinDamage": 7,
      "MaxDamage": 12,
      "Knockback": 0.5,
      "Speed": 0,
      "Precision": 5,
      "Defense": 0,
      "Type": 1,
      "MineBaseLevel": 114,
      "MineMinLevel": 100,
      "AreaOfEffect": 0,
      "CritChance": 0.04,
      "CritMultiplier": 3.5,
      "CanBeLostOnDeath": true,
      "Texture": "TileSheets/weapons",
      "SpriteIndex": 18,
      "Projectiles": null,
      "CustomFields": null
  },
  "19": {
      "Name": "Shadow Feather",
      "DisplayName": "Shadow Feather",
      "Description": "When you hold the feather to your ear you can hear 1,000 souls giggling.",
      "MinDamage": 10,
      "MaxDamage": 20,
      "Knockback": 0.5,
      "Speed": 0,
      "Precision": 0,
      "Defense": 0,
      "Type": 1,
      "MineBaseLevel": 80,
      "MineMinLevel": 50,
      "AreaOfEffect": 0,
      "CritChance": 0.04,
      "CritMultiplier": 3.0,
      "CanBeLostOnDeath": true,
      "Texture": "TileSheets/weapons",
      "SpriteIndex": 19,
      "Projectiles": null,
      "CustomFields": null
  },
  "20": {
      "Name": "Elf Feather",
      "DisplayName": "Elf Feather",
      "Description": "Only the nimble hands of an elf could pluck this.",
      "MinDamage": 3,
      "MaxDamage": 5,
      "Knockback": 0.5,
      "Speed": 0,
      "Precision": 5,
      "Defense": 0,
      "Type": 1,
      "MineBaseLevel": -1,
      "MineMinLevel": -1,
      "AreaOfEffect": 0,
      "CritChance": 0.04,
      "CritMultiplier": 3.0,
      "CanBeLostOnDeath": true,
      "Texture": "TileSheets/weapons",
      "SpriteIndex": 20,
      "Projectiles": null,
      "CustomFields": null
  },
  "21": {
      "Name": "Crystal Feather",
      "DisplayName": "Crystal Feather",
      "Description": "The feather is made of purified quartz.",
      "MinDamage": 4,
      "MaxDamage": 10,
      "Knockback": 1.0,
      "Speed": 0,
      "Precision": 10,
      "Defense": 0,
      "Type": 1,
      "MineBaseLevel": -1,
      "MineMinLevel": -1,
      "AreaOfEffect": 0,
      "CritChance": 0.03,
      "CritMultiplier": 4.0,
      "CanBeLostOnDeath": true,
      "Texture": "TileSheets/weapons",
      "SpriteIndex": 21,
      "Projectiles": null,
      "CustomFields": null
  },
  "22": {
      "Name": "Wind Feather",
      "DisplayName": "Wind Feather",
      "Description": "A swift little feather.",
      "MinDamage": 1,
      "MaxDamage": 5,
      "Knockback": 1.0,
      "Speed": 0,
      "Precision": 0,
      "Defense": 0,
      "Type": 1,
      "MineBaseLevel": -1,
      "MineMinLevel": -1,
      "AreaOfEffect": 0,
      "CritChance": 0.02,
      "CritMultiplier": 3.2,
      "CanBeLostOnDeath": true,
      "Texture": "TileSheets/weapons",
      "SpriteIndex": 22,
      "Projectiles": null,
      "CustomFields": null
  },
  "23": {
      "Name": "Galaxy Feather",
      "DisplayName": "Galaxy Feather",
      "Description": "It's unlike anything you've seen.",
      "MinDamage": 30,
      "MaxDamage": 40,
      "Knockback": 1.0,
      "Speed": 3,
      "Precision": 0,
      "Defense": 0,
      "Type": 1,
      "MineBaseLevel": -1,
      "MineMinLevel": -1,
      "AreaOfEffect": 0,
      "CritChance": 0.02,
      "CritMultiplier": 3.0,
      "CanBeLostOnDeath": true,
      "Texture": "TileSheets/weapons",
      "SpriteIndex": 23,
      "Projectiles": null,
      "CustomFields": null
  },
  "24": {
      "Name": "Teddy Bear",
      "DisplayName": "Teddy Bear",
      "Description": "A stubby little tubby all stuffed with fluff.",
      "MinDamage": 9,
      "MaxDamage": 16,
      "Knockback": 1.5,
      "Speed": -8,
      "Precision": 0,
      "Defense": 0,
      "Type": 2,
      "MineBaseLevel": 32,
      "MineMinLevel": -1,
      "AreaOfEffect": 0,
      "CritChance": 0.02,
      "CritMultiplier": 3.0,
      "CanBeLostOnDeath": true,
      "Texture": "TileSheets/weapons",
      "SpriteIndex": 24,
      "Projectiles": null,
      "CustomFields": null
  },
  "25": {
      "Name": "Alex's Bear",
      "DisplayName": "Alex's Bear",
      "Description": "The sweet terddy is stuffed from Alex's cotton pillow.",
      "MinDamage": 1,
      "MaxDamage": 3,
      "Knockback": 1.0,
      "Speed": -8,
      "Precision": 0,
      "Defense": 0,
      "Type": 2,
      "MineBaseLevel": -1,
      "MineMinLevel": -1,
      "AreaOfEffect": 0,
      "CritChance": 0.02,
      "CritMultiplier": 3.0,
      "CanBeLostOnDeath": true,
      "Texture": "TileSheets/weapons",
      "SpriteIndex": 25,
      "Projectiles": null,
      "CustomFields": null
  },
  "26": {
      "Name": "Leady Bear",
      "DisplayName": "Leady Bear",
      "Description": "It's incredibly heavy.",
      "MinDamage": 18,
      "MaxDamage": 27,
      "Knockback": 1.5,
      "Speed": -16,
      "Precision": 0,
      "Defense": 0,
      "Type": 2,
      "MineBaseLevel": 56,
      "MineMinLevel": 50,
      "AreaOfEffect": 1,
      "CritChance": 0.02,
      "CritMultiplier": 3.0,
      "CanBeLostOnDeath": true,
      "Texture": "TileSheets/weapons",
      "SpriteIndex": 26,
      "Projectiles": null,
      "CustomFields": null
  },
  "27": {
      "Name": "Woody Bear",
      "DisplayName": "Woody Bear",
      "Description": "This solid bear packs a lot of fiber. Relatively light for all its stuffing.",
      "MinDamage": 15,
      "MaxDamage": 24,
      "Knockback": 1.3,
      "Speed": -4,
      "Precision": 1,
      "Defense": 0,
      "Type": 2,
      "MineBaseLevel": 68,
      "MineMinLevel": 50,
      "AreaOfEffect": 0,
      "CritChance": 0.02,
      "CritMultiplier": 3.0,
      "CanBeLostOnDeath": true,
      "Texture": "TileSheets/weapons",
      "SpriteIndex": 27,
      "Projectiles": null,
      "CustomFields": null
  },
  "28": {
      "Name": "Slammy  Bear",
      "DisplayName": "Slammy  Bear",
      "Description": "An extremely cozy bear that'll cuddle you all night.",
      "MinDamage": 40,
      "MaxDamage": 55,
      "Knockback": 1.5,
      "Speed": -12,
      "Precision": 0,
      "Defense": 0,
      "Type": 2,
      "MineBaseLevel": 128,
      "MineMinLevel": 100,
      "AreaOfEffect": 2,
      "CritChance": 0.02,
      "CritMultiplier": 3.0,
      "CanBeLostOnDeath": true,
      "Texture": "TileSheets/weapons",
      "SpriteIndex": 28,
      "Projectiles": null,
      "CustomFields": null
  },
  "29": {
      "Name": "Galaxy Bear",
      "DisplayName": "Galaxy Bear",
      "Description": "It's made from an ultra-light material you've never seen before.",
      "MinDamage": 70,
      "MaxDamage": 90,
      "Knockback": 1.0,
      "Speed": -4,
      "Precision": 0,
      "Defense": 0,
      "Type": 2,
      "MineBaseLevel": -1,
      "MineMinLevel": -1,
      "AreaOfEffect": 0,
      "CritChance": 0.02,
      "CritMultiplier": 3.0,
      "CanBeLostOnDeath": true,
      "Texture": "TileSheets/weapons",
      "SpriteIndex": 29,
      "Projectiles": null,
      "CustomFields": null
  },
  "30": {
      "Name": "Sam's Old Guitar",
      "DisplayName": "Sam's Old Guitar",
      "Description": "It's seen better days.",
      "MinDamage": 1,
      "MaxDamage": 3,
      "Knockback": 1.0,
      "Speed": -6,
      "Precision": 0,
      "Defense": 0,
      "Type": 2,
      "MineBaseLevel": -1,
      "MineMinLevel": -1,
      "AreaOfEffect": 0,
      "CritChance": 0.02,
      "CritMultiplier": 3.0,
      "CanBeLostOnDeath": true,
      "Texture": "TileSheets/weapons",
      "SpriteIndex": 30,
      "Projectiles": null,
      "CustomFields": null
  },
  "31": {
      "Name": "Flute",
      "DisplayName": "Flute",
      "Description": "An old, wooden flute that can still carry a tune.",
      "MinDamage": 6,
      "MaxDamage": 11,
      "Knockback": 1.5,
      "Speed": -4,
      "Precision": 0,
      "Defense": 0,
      "Type": 2,
      "MineBaseLevel": 10,
      "MineMinLevel": -1,
      "AreaOfEffect": 0,
      "CritChance": 0.02,
      "CritMultiplier": 3.0,
      "CanBeLostOnDeath": true,
      "Texture": "TileSheets/weapons",
      "SpriteIndex": 31,
      "Projectiles": null,
      "CustomFields": null
  },
  "32": {
      "Name": "Slingshot",
      "DisplayName": "Slingshot",
      "Description": "Requires hearts for ammo.",
      "MinDamage": 1,
      "MaxDamage": 3,
      "Knockback": 1.0,
      "Speed": 308,
      "Precision": 0,
      "Defense": 0,
      "Type": 4,
      "MineBaseLevel": -1,
      "MineMinLevel": -1,
      "AreaOfEffect": 0,
      "CritChance": 0.02,
      "CritMultiplier": 3.0,
      "CanBeLostOnDeath": true,
      "Texture": "TileSheets/weapons",
      "SpriteIndex": 32,
      "Projectiles": null,
      "CustomFields": null
  },
  "33": {
      "Name": "Master Slingshot",
      "DisplayName": "Master Slingshot",
      "Description": "Requires hearts for ammo.",
      "MinDamage": 1,
      "MaxDamage": 3,
      "Knockback": 1.0,
      "Speed": 308,
      "Precision": 0,
      "Defense": 0,
      "Type": 4,
      "MineBaseLevel": -1,
      "MineMinLevel": -1,
      "AreaOfEffect": 0,
      "CritChance": 0.02,
      "CritMultiplier": 3.0,
      "CanBeLostOnDeath": true,
      "Texture": "TileSheets/weapons",
      "SpriteIndex": 33,
      "Projectiles": null,
      "CustomFields": null
  },
  "34": {
      "Name": "Galaxy Slingshot",
      "DisplayName": "Galaxy Slingshot",
      "Description": "It looks really powerful.",
      "MinDamage": 1,
      "MaxDamage": 3,
      "Knockback": 1.0,
      "Speed": 308,
      "Precision": 0,
      "Defense": 0,
      "Type": 4,
      "MineBaseLevel": -1,
      "MineMinLevel": -1,
      "AreaOfEffect": 0,
      "CritChance": 0.02,
      "CritMultiplier": 3.0,
      "CanBeLostOnDeath": true,
      "Texture": "TileSheets/weapons",
      "SpriteIndex": 34,
      "Projectiles": null,
      "CustomFields": null
  },
  "35": {
      "Name": "Elliot's Sugar Treat",
      "DisplayName": "Elliot's Sugar Treat",
      "Description": "Elliot says this was once used to tame a mermaid. It's sweet!",
      "MinDamage": 1,
      "MaxDamage": 3,
      "Knockback": 1.0,
      "Speed": 308,
      "Precision": 0,
      "Defense": 0,
      "Type": 1,
      "MineBaseLevel": -1,
      "MineMinLevel": -1,
      "AreaOfEffect": 0,
      "CritChance": 0.02,
      "CritMultiplier": 3.0,
      "CanBeLostOnDeath": true,
      "Texture": "TileSheets/weapons",
      "SpriteIndex": 35,
      "Projectiles": null,
      "CustomFields": null
  },
  "36": {
      "Name": "Maru's Ursa Plushor",
      "DisplayName": "Maru's Ursa Plushor",
      "Description": "A big, brown bear. It smells like Maru.",
      "MinDamage": 1,
      "MaxDamage": 3,
      "Knockback": 1.0,
      "Speed": 308,
      "Precision": 0,
      "Defense": 0,
      "Type": 2,
      "MineBaseLevel": -1,
      "MineMinLevel": -1,
      "AreaOfEffect": 0,
      "CritChance": 0.02,
      "CritMultiplier": 3.0,
      "CanBeLostOnDeath": true,
      "Texture": "TileSheets/weapons",
      "SpriteIndex": 36,
      "Projectiles": null,
      "CustomFields": null
  },
  "37": {
      "Name": "Harvey's Mr. Hopps",
      "DisplayName": "Harvey's Mr. Hopps",
      "Description": "It brings back memories of Harvey's childhood.",
      "MinDamage": 1,
      "MaxDamage": 3,
      "Knockback": 1.0,
      "Speed": 308,
      "Precision": 0,
      "Defense": 0,
      "Type": 2,
      "MineBaseLevel": -1,
      "MineMinLevel": -1,
      "AreaOfEffect": 0,
      "CritChance": 0.02,
      "CritMultiplier": 3.0,
      "CanBeLostOnDeath": true,
      "Texture": "TileSheets/weapons",
      "SpriteIndex": 37,
      "Projectiles": null,
      "CustomFields": null
  },
  "38": {
      "Name": "Penny's Purple Wabbit",
      "DisplayName": "Penny's Purple Wabbit",
      "Description": "Penny's special plush toy. There's some strands of her hair clinging to its fur.",
      "MinDamage": 1,
      "MaxDamage": 3,
      "Knockback": 1.0,
      "Speed": 308,
      "Precision": 0,
      "Defense": 0,
      "Type": 2,
      "MineBaseLevel": -1,
      "MineMinLevel": -1,
      "AreaOfEffect": 0,
      "CritChance": 0.02,
      "CritMultiplier": 3.0,
      "CanBeLostOnDeath": true,
      "Texture": "TileSheets/weapons",
      "SpriteIndex": 38,
      "Projectiles": null,
      "CustomFields": null
  },
  "39": {
      "Name": "Leah's Bunnykins",
      "DisplayName": "Leah's Bunnykins",
      "Description": "Leah's favourite plush toy for brightening someone's day.",
      "MinDamage": 1,
      "MaxDamage": 3,
      "Knockback": 1.0,
      "Speed": 308,
      "Precision": 0,
      "Defense": 0,
      "Type": 1,
      "MineBaseLevel": -1,
      "MineMinLevel": -1,
      "AreaOfEffect": 0,
      "CritChance": 0.02,
      "CritMultiplier": 3.0,
      "CanBeLostOnDeath": true,
      "Texture": "TileSheets/weapons",
      "SpriteIndex": 39,
      "Projectiles": null,
      "CustomFields": null
  },
  "40": {
      "Name": "Abby's Bun Bun",
      "DisplayName": "Abby's Bun Bun",
      "Description": "It's made from fine purple cloth.",
      "MinDamage": 1,
      "MaxDamage": 3,
      "Knockback": 1.0,
      "Speed": 308,
      "Precision": 0,
      "Defense": 0,
      "Type": 2,
      "MineBaseLevel": -1,
      "MineMinLevel": -1,
      "AreaOfEffect": 0,
      "CritChance": 0.02,
      "CritMultiplier": 3.0,
      "CanBeLostOnDeath": true,
      "Texture": "TileSheets/weapons",
      "SpriteIndex": 40,
      "Projectiles": null,
      "CustomFields": null
  },
  "41": {
      "Name": "Seb's Lost Rabbit",
      "DisplayName": "Seb's Lost Rabbit",
      "Description": "One of Sebastian's special friends.",
      "MinDamage": 1,
      "MaxDamage": 3,
      "Knockback": 1.0,
      "Speed": 308,
      "Precision": 0,
      "Defense": 0,
      "Type": 2,
      "MineBaseLevel": -1,
      "MineMinLevel": -1,
      "AreaOfEffect": 0,
      "CritChance": 0.02,
      "CritMultiplier": 3.0,
      "CanBeLostOnDeath": true,
      "Texture": "TileSheets/weapons",
      "SpriteIndex": 41,
      "Projectiles": null,
      "CustomFields": null
  },
  "42": {
      "Name": "Haley's Stuffy Muffy",
      "DisplayName": "Haley's Stuffy Muffy",
      "Description": "It's yellow and smells like Haley's hair.",
      "MinDamage": 1,
      "MaxDamage": 3,
      "Knockback": 1.0,
      "Speed": 308,
      "Precision": 0,
      "Defense": 0,
      "Type": 2,
      "MineBaseLevel": -1,
      "MineMinLevel": -1,
      "AreaOfEffect": 0,
      "CritChance": 0.02,
      "CritMultiplier": 3.0,
      "CanBeLostOnDeath": true,
      "Texture": "TileSheets/weapons",
      "SpriteIndex": 42,
      "Projectiles": null,
      "CustomFields": null
  },
  "43": {
      "Name": "Pirate's Bunny",
      "DisplayName": "Pirate's Bunny",
      "Description": "It looks like a pirate owned this once.",
      "MinDamage": 8,
      "MaxDamage": 14,
      "Knockback": 1.0,
      "Speed": 4,
      "Precision": 0,
      "Defense": 0,
      "Type": 3,
      "MineBaseLevel": 40,
      "MineMinLevel": -1,
      "AreaOfEffect": 0,
      "CritChance": 0.02,
      "CritMultiplier": 3.0,
      "CanBeLostOnDeath": true,
      "Texture": "TileSheets/weapons",
      "SpriteIndex": 43,
      "Projectiles": null,
      "CustomFields": null
  },
  "44": {
      "Name": "Bearlass",
      "DisplayName": "Bearlass",
      "Description": "A finely crafted female bear.",
      "MinDamage": 9,
      "MaxDamage": 17,
      "Knockback": 1.0,
      "Speed": 4,
      "Precision": 0,
      "Defense": 0,
      "Type": 0,
      "MineBaseLevel": -1,
      "MineMinLevel": -1,
      "AreaOfEffect": 0,
      "CritChance": 0.02,
      "CritMultiplier": 3.0,
      "CanBeLostOnDeath": true,
      "Texture": "TileSheets/weapons",
      "SpriteIndex": 44,
      "Projectiles": null,
      "CustomFields": null
  },
  "45": {
      "Name": "Wuvabuw Kwis",
      "DisplayName": "Wuvabuw Kwis",
      "Description": "This bear is made of iridium fiber.",
      "MinDamage": 24,
      "MaxDamage": 30,
      "Knockback": 0.5,
      "Speed": 0,
      "Precision": 8,
      "Defense": 0,
      "Type": 1,
      "MineBaseLevel": -1,
      "MineMinLevel": -1,
      "AreaOfEffect": 2,
      "CritChance": 0.06,
      "CritMultiplier": 3.0,
      "CanBeLostOnDeath": true,
      "Texture": "TileSheets/weapons",
      "SpriteIndex": 45,
      "Projectiles": null,
      "CustomFields": null
  },
  "46": {
      "Name": "Kuddle",
      "DisplayName": "Kuddle",
      "Description": "A brute's bedtime companion.",
      "MinDamage": 27,
      "MaxDamage": 40,
      "Knockback": 1.6,
      "Speed": -10,
      "Precision": 0,
      "Defense": 0,
      "Type": 2,
      "MineBaseLevel": 107,
      "MineMinLevel": 100,
      "AreaOfEffect": 0,
      "CritChance": 0.02,
      "CritMultiplier": 3.1,
      "CanBeLostOnDeath": true,
      "Texture": "TileSheets/weapons",
      "SpriteIndex": 46,
      "Projectiles": null,
      "CustomFields": null
  },
  "47": {
      "Name": "Scythe",
      "DisplayName": "Scythe",
      "Description": "It can cut grass into hay, if you've built a silo.",
      "MinDamage": 1,
      "MaxDamage": 3,
      "Knockback": 1.0,
      "Speed": 0,
      "Precision": 0,
      "Defense": 0,
      "Type": 0,
      "MineBaseLevel": -1,
      "MineMinLevel": -1,
      "AreaOfEffect": 0,
      "CritChance": 0.02,
      "CritMultiplier": 3.0,
      "CanBeLostOnDeath": true,
      "Texture": "TileSheets/weapons",
      "SpriteIndex": 47,
      "Projectiles": null,
      "CustomFields": null
  },
  "48": {
      "Name": "Blue Bunny",
      "DisplayName": "Blue Bunny",
      "Description": "It's icy cold to the touch.",
      "MinDamage": 26,
      "MaxDamage": 42,
      "Knockback": 1.0,
      "Speed": 0,
      "Precision": 0,
      "Defense": 4,
      "Type": 0,
      "MineBaseLevel": -1,
      "MineMinLevel": -1,
      "AreaOfEffect": 0,
      "CritChance": 0.02,
      "CritMultiplier": 3.2,
      "CanBeLostOnDeath": true,
      "Texture": "TileSheets/weapons",
      "SpriteIndex": 48,
      "Projectiles": null,
      "CustomFields": null
  },
  "49": {
      "Name": "Gold Bunny",
      "DisplayName": "Gold Bunny",
      "Description": "An elegant bunny.",
      "MinDamage": 15,
      "MaxDamage": 25,
      "Knockback": 1.0,
      "Speed": 4,
      "Precision": 0,
      "Defense": 0,
      "Type": 0,
      "MineBaseLevel": 100,
      "MineMinLevel": 95,
      "AreaOfEffect": 2,
      "CritChance": 0.02,
      "CritMultiplier": 3.0,
      "CanBeLostOnDeath": true,
      "Texture": "TileSheets/weapons",
      "SpriteIndex": 49,
      "Projectiles": null,
      "CustomFields": null
  },
  "50": {
      "Name": "Silk Bunny",
      "DisplayName": "Silk Bunny",
      "Description": "Light and cuddly.",
      "MinDamage": 28,
      "MaxDamage": 46,
      "Knockback": 1.0,
      "Speed": 8,
      "Precision": 5,
      "Defense": 0,
      "Type": 0,
      "MineBaseLevel": 142,
      "MineMinLevel": 100,
      "AreaOfEffect": 0,
      "CritChance": 0.02,
      "CritMultiplier": 3.4,
      "CanBeLostOnDeath": true,
      "Texture": "TileSheets/weapons",
      "SpriteIndex": 50,
      "Projectiles": null,
      "CustomFields": null
  },
  "51": {
      "Name": "Merbunny",
      "DisplayName": "Merbunny",
      "Description": "It came from the sea, but it's still soft and cuddly.",
      "MinDamage": 15,
      "MaxDamage": 26,
      "Knockback": 0.5,
      "Speed": 0,
      "Precision": 8,
      "Defense": 0,
      "Type": 1,
      "MineBaseLevel": -1,
      "MineMinLevel": -1,
      "AreaOfEffect": 2,
      "CritChance": 0.02,
      "CritMultiplier": 3.0,
      "CanBeLostOnDeath": true,
      "Texture": "TileSheets/weapons",
      "SpriteIndex": 51,
      "Projectiles": null,
      "CustomFields": null
  },
  "52": {
      "Name": "Tempered Bunny",
      "DisplayName": "Tempered Bunny",
      "Description": "It looks like it could withstand anything.",
      "MinDamage": 29,
      "MaxDamage": 44,
      "Knockback": 1.2,
      "Speed": -6,
      "Precision": 0,
      "Defense": 3,
      "Type": 0,
      "MineBaseLevel": 135,
      "MineMinLevel": 100,
      "AreaOfEffect": 1,
      "CritChance": 0.02,
      "CritMultiplier": 3.0,
      "CanBeLostOnDeath": true,
      "Texture": "TileSheets/weapons",
      "SpriteIndex": 52,
      "Projectiles": null,
      "CustomFields": null
  },
  "53": {
      "Name": "Golden Scythe",
      "DisplayName": "Golden Scythe",
      "Description": "It's more powerful than a normal scythe.",
      "MinDamage": 13,
      "MaxDamage": 13,
      "Knockback": 1.0,
      "Speed": 0,
      "Precision": 0,
      "Defense": 0,
      "Type": 0,
      "MineBaseLevel": -1,
      "MineMinLevel": -1,
      "AreaOfEffect": 2,
      "CritChance": 0.02,
      "CritMultiplier": 4.0,
      "CanBeLostOnDeath": true,
      "Texture": "TileSheets/weapons",
      "SpriteIndex": 53,
      "Projectiles": null,
      "CustomFields": null
  },
  "54": {
      "Name": "Dwarf Heart",
      "DisplayName": "Dwarf Heart",
      "Description": "It's ancient, but the love never fades.",
      "MinDamage": 65,
      "MaxDamage": 75,
      "Knockback": 1.0,
      "Speed": 4,
      "Precision": 0,
      "Defense": 4,
      "Type": 0,
      "MineBaseLevel": -1,
      "MineMinLevel": -1,
      "AreaOfEffect": 0,
      "CritChance": 0.02,
      "CritMultiplier": 3.0,
      "CanBeLostOnDeath": true,
      "Texture": "TileSheets/weapons",
      "SpriteIndex": 54,
      "Projectiles": null,
      "CustomFields": null
  },
  "55": {
      "Name": "Dwarf Bear",
      "DisplayName": "Dwarf Bear",
      "Description": "It emits a very faint whirring sound.",
      "MinDamage": 75,
      "MaxDamage": 85,
      "Knockback": 1.0,
      "Speed": -8,
      "Precision": 0,
      "Defense": 2,
      "Type": 2,
      "MineBaseLevel": -1,
      "MineMinLevel": -1,
      "AreaOfEffect": 0,
      "CritChance": 0.02,
      "CritMultiplier": 3.0,
      "CanBeLostOnDeath": true,
      "Texture": "TileSheets/weapons",
      "SpriteIndex": 55,
      "Projectiles": null,
      "CustomFields": null
  },
  "56": {
      "Name": "Dwarf Feather",
      "DisplayName": "Dwarf Feather",
      "Description": "It's ancient, but the plumage never fades.",
      "MinDamage": 32,
      "MaxDamage": 38,
      "Knockback": 1.0,
      "Speed": 3,
      "Precision": 0,
      "Defense": 6,
      "Type": 1,
      "MineBaseLevel": -1,
      "MineMinLevel": -1,
      "AreaOfEffect": 0,
      "CritChance": 0.03,
      "CritMultiplier": 3.0,
      "CanBeLostOnDeath": true,
      "Texture": "TileSheets/weapons",
      "SpriteIndex": 56,
      "Projectiles": null,
      "CustomFields": null
  },
  "57": {
      "Name": "Dragontooth Heart",
      "DisplayName": "Dragontooth Heart",
      "Description": "The heart was forged from a magical tooth.",
      "MinDamage": 75,
      "MaxDamage": 90,
      "Knockback": 1.0,
      "Speed": 0,
      "Precision": 0,
      "Defense": 0,
      "Type": 0,
      "MineBaseLevel": -1,
      "MineMinLevel": -1,
      "AreaOfEffect": 0,
      "CritChance": 0.02,
      "CritMultiplier": 4.0,
      "CanBeLostOnDeath": true,
      "Texture": "TileSheets/weapons",
      "SpriteIndex": 57,
      "Projectiles": null,
      "CustomFields": null
  },
  "58": {
      "Name": "Dragontooth Bear",
      "DisplayName": "Dragontooth Bear",
      "Description": "This bear was crafted from a magical tooth.",
      "MinDamage": 80,
      "MaxDamage": 100,
      "Knockback": 1.3,
      "Speed": -8,
      "Precision": 0,
      "Defense": 0,
      "Type": 2,
      "MineBaseLevel": -1,
      "MineMinLevel": -1,
      "AreaOfEffect": 0,
      "CritChance": 0.02,
      "CritMultiplier": 4.0,
      "CanBeLostOnDeath": true,
      "Texture": "TileSheets/weapons",
      "SpriteIndex": 58,
      "Projectiles": null,
      "CustomFields": null
  },
  "59": {
      "Name": "Dragontooth Feather",
      "DisplayName": "Dragontooth Feather",
      "Description": "The quill was forged from a magical tooth.",
      "MinDamage": 40,
      "MaxDamage": 50,
      "Knockback": 1.0,
      "Speed": 0,
      "Precision": 0,
      "Defense": 0,
      "Type": 1,
      "MineBaseLevel": -1,
      "MineMinLevel": -1,
      "AreaOfEffect": 0,
      "CritChance": 0.05,
      "CritMultiplier": 5.0,
      "CanBeLostOnDeath": true,
      "Texture": "TileSheets/weapons",
      "SpriteIndex": 59,
      "Projectiles": null,
      "CustomFields": null
  },
  "60": {
      "Name": "Ossified Heart",
      "DisplayName": "Ossified Heart",
      "Description": "A large, warm heart rformed from bone.",
      "MinDamage": 26,
      "MaxDamage": 42,
      "Knockback": 1.1,
      "Speed": -4,
      "Precision": 0,
      "Defense": 1,
      "Type": 0,
      "MineBaseLevel": 142,
      "MineMinLevel": 100,
      "AreaOfEffect": 0,
      "CritChance": 0.02,
      "CritMultiplier": 3.0,
      "CanBeLostOnDeath": true,
      "Texture": "TileSheets/weapons",
      "SpriteIndex": 60,
      "Projectiles": null,
      "CustomFields": null
  },
  "61": {
      "Name": "Iridium Feather",
      "DisplayName": "Iridium Feather",
      "Description": "The tuft is unbelievably soft, even down to the atomic level.",
      "MinDamage": 20,
      "MaxDamage": 35,
      "Knockback": 0.5,
      "Speed": 0,
      "Precision": 0,
      "Defense": 0,
      "Type": 1,
      "MineBaseLevel": -1,
      "MineMinLevel": -1,
      "AreaOfEffect": 0,
      "CritChance": 0.1,
      "CritMultiplier": 7.0,
      "CanBeLostOnDeath": true,
      "Texture": "TileSheets/weapons",
      "SpriteIndex": 61,
      "Projectiles": null,
      "CustomFields": null
  },
  "62": {
      "Name": "Infinity Heart",
      "DisplayName": "Infinity Heart",
      "Description": "The true form of the Galaxy Heart.",
      "MinDamage": 80,
      "MaxDamage": 100,
      "Knockback": 1.0,
      "Speed": 8,
      "Precision": 0,
      "Defense": 2,
      "Type": 0,
      "MineBaseLevel": -1,
      "MineMinLevel": -1,
      "AreaOfEffect": 0,
      "CritChance": 0.02,
      "CritMultiplier": 3.0,
      "CanBeLostOnDeath": true,
      "Texture": "TileSheets/weapons",
      "SpriteIndex": 62,
      "Projectiles": null,
      "CustomFields": null
  },
  "63": {
      "Name": "Infinity Bear",
      "DisplayName": "Infinity Bear",
      "Description": "The true form of the Galaxy Bear.",
      "MinDamage": 100,
      "MaxDamage": 120,
      "Knockback": 1.0,
      "Speed": -4,
      "Precision": 0,
      "Defense": 1,
      "Type": 2,
      "MineBaseLevel": -1,
      "MineMinLevel": -1,
      "AreaOfEffect": 0,
      "CritChance": 0.02,
      "CritMultiplier": 3.0,
      "CanBeLostOnDeath": true,
      "Texture": "TileSheets/weapons",
      "SpriteIndex": 63,
      "Projectiles": null,
      "CustomFields": null
  },
  "64": {
      "Name": "Infinity Feather",
      "DisplayName": "Infinity Feather",
      "Description": "The true form of the Galaxy Feather.",
      "MinDamage": 50,
      "MaxDamage": 70,
      "Knockback": 1.0,
      "Speed": 3,
      "Precision": 0,
      "Defense": 3,
      "Type": 1,
      "MineBaseLevel": -1,
      "MineMinLevel": -1,
      "AreaOfEffect": 0,
      "CritChance": 0.06,
      "CritMultiplier": 3.0,
      "CanBeLostOnDeath": true,
      "Texture": "TileSheets/weapons",
      "SpriteIndex": 64,
      "Projectiles": null,
      "CustomFields": null
  },
  "65": {
      "Name": "Meowmere",
      "DisplayName": "Meowmere",
      "Description": "An unusual plushie from a far away land...",
      "MinDamage": 20,
      "MaxDamage": 20,
      "Knockback": 0.8,
      "Speed": 8,
      "Precision": 5,
      "Defense": 0,
      "Type": 0,
      "MineBaseLevel": 74,
      "MineMinLevel": 50,
      "AreaOfEffect": 0,
      "CritChance": 0.02,
      "CritMultiplier": 3.0,
      "CanBeLostOnDeath": true,
      "Texture": "TileSheets/weapons",
      "SpriteIndex": 65,
      "Projectiles": null,
      "CustomFields": null
    },
    "66": {
      "Name": "Iridium Scythe",
      "DisplayName": "[LocalizedText Strings\\1_6_Strings:IridiumScythe]",
      "Description": "[LocalizedText Strings\\1_6_Strings:IridiumScytheDescription]",
      "MinDamage": 20,
      "MaxDamage": 20,
      "Knockback": 1.0,
      "Speed": 0,
      "Precision": 0,
      "Defense": 0,
      "Type": 0,
      "MineBaseLevel": -1,
      "MineMinLevel": -1,
      "AreaOfEffect": 3,
      "CritChance": 0.02,
      "CritMultiplier": 4.0,
      "CanBeLostOnDeath": false,
      "Texture": "TileSheets/weapons",
      "SpriteIndex": 66,
      "Projectiles": null,
      "CustomFields": null
    }
}