﻿{
    "Format": "2.0.0",
    "Changes": [
        {
            "Action": "Load",
            "Target": "Maps/UnderwaterMountain, Maps/UnderwaterBeach, Maps/CrystalCave, Maps/CrystalCaveDark",
            "FromFile": "assets/{{TargetWithoutPath}}.tmx"
        },
        {
            "Action": "Load",
            "Target": "Maps/ScubaMaskCave",
            "FromFile": "assets/Cave.tmx"
        },
        {
            "Action": "Load",
            "Target": "Maps/ScubaAbigailCave",
            "FromFile": "assets/Abigail.tmx"
        },
        {
            "Action": "EditData",
            "Target": "Data/Locations",
            "Entries": {
                "Custom_UnderwaterMountain":{
                    "DisplayName": "Underwater Mountain",
                    "DefaultArrivalTile": null,
                    "ExcludeFromNpcPathfinding": true,
                    "CreateOnLoad": {
                        "MapPath": "Maps/UnderwaterMountain"
                    },
                    "CanPlantHere": false,
                    "CanHaveGreenRainSpawns": false,
                    "ArtifactSpots": // I want to override the default artifact spots, which have precedence 0 +-100, so I'm using -1000 +-100; LOW PRECEDENCE IS CHECKED FIRST
                    [
                        {
                            "Chance": 0.1,
                            "ApplyGenerousEnchantment": false,
                            "OneDebrisPerDrop": true,
                            "Precedence": -1000,
                            "ContinueOnDrop": false,
                            "Condition": null,
                            "Id": "RANDOM_ARTIFACT_FOR_DIG_SPOT",
                            "ItemId": "RANDOM_ARTIFACT_FOR_DIG_SPOT",
                            "RandomItemId": null,
                            "MaxItems": null,
                            "MinStack": -1,
                            "MaxStack": -1,
                            "Quality": -1,
                            "ObjectInternalName": null,
                            "ObjectDisplayName": null,
                            "ToolUpgradeLevel": -1,
                            "IsRecipe": false,
                            "StackModifiers": null,
                            "StackModifierMode": "Stack",
                            "QualityModifiers": null,
                            "QualityModifierMode": "Stack",
                            "ModData": null,
                            "PerItemCondition": null
                        },
                        {
                            "Chance": 0.005,
                            "ApplyGenerousEnchantment": true,
                            "OneDebrisPerDrop": true,
                            "Precedence": -1000,
                            "ContinueOnDrop": false,
                            "Condition": null,
                            "Id": "Gold Bar",
                            "ItemId": "(O)336",
                            "RandomItemId": null,
                            "MaxItems": null,
                            "MinStack": -1,
                            "MaxStack": -1,
                            "Quality": -1,
                            "ObjectInternalName": null,
                            "ObjectDisplayName": null,
                            "ToolUpgradeLevel": -1,
                            "IsRecipe": false,
                            "StackModifiers": null,
                            "StackModifierMode": "Stack",
                            "QualityModifiers": null,
                            "QualityModifierMode": "Stack",
                            "ModData": null,
                            "PerItemCondition": null
                        },
                        {
                            "Chance": 0.005,
                            "ApplyGenerousEnchantment": false,
                            "OneDebrisPerDrop": true,
                            "Precedence": -1000,
                            "ContinueOnDrop": false,
                            "Condition": null,
                            "Id": "Dwarf Gadget",
                            "ItemId": "(O)122",
                            "RandomItemId": null,
                            "MaxItems": null,
                            "MinStack": -1,
                            "MaxStack": -1,
                            "Quality": -1,
                            "ObjectInternalName": null,
                            "ObjectDisplayName": null,
                            "ToolUpgradeLevel": -1,
                            "IsRecipe": false,
                            "StackModifiers": null,
                            "StackModifierMode": "Stack",
                            "QualityModifiers": null,
                            "QualityModifierMode": "Stack",
                            "ModData": null,
                            "PerItemCondition": null
                        },
                        {
                            "Chance": 0.1125,
                            "ApplyGenerousEnchantment": true,
                            "OneDebrisPerDrop": true,
                            "Precedence": -1000,
                            "ContinueOnDrop": false,
                            "Condition": null,
                            "Id": "Omni Geode",
                            "ItemId": "(O)749",
                            "RandomItemId": null,
                            "MaxItems": null,
                            "MinStack": -1,
                            "MaxStack": -1,
                            "Quality": -1,
                            "ObjectInternalName": null,
                            "ObjectDisplayName": null,
                            "ToolUpgradeLevel": -1,
                            "IsRecipe": false,
                            "StackModifiers": null,
                            "StackModifierMode": "Stack",
                            "QualityModifiers": null,
                            "QualityModifierMode": "Stack",
                            "ModData": null,
                            "PerItemCondition": null
                        },
                        {
                            "Chance": 0.1125,
                            "ApplyGenerousEnchantment": true,
                            "OneDebrisPerDrop": true,
                            "Precedence": -1000,
                            "ContinueOnDrop": false,
                            "Condition": null,
                            "Id": "Geode",
                            "ItemId": "(O)535",
                            "RandomItemId": null,
                            "MaxItems": null,
                            "MinStack": -1,
                            "MaxStack": -1,
                            "Quality": -1,
                            "ObjectInternalName": null,
                            "ObjectDisplayName": null,
                            "ToolUpgradeLevel": -1,
                            "IsRecipe": false,
                            "StackModifiers": null,
                            "StackModifierMode": "Stack",
                            "QualityModifiers": null,
                            "QualityModifierMode": "Stack",
                            "ModData": null,
                            "PerItemCondition": null
                        },
                        {
                            "Chance": 0.025,
                            "ApplyGenerousEnchantment": true,
                            "OneDebrisPerDrop": true,
                            "Precedence": -1000,
                            "ContinueOnDrop": false,
                            "Condition": null,
                            "Id": "Magma Geode",
                            "ItemId": "(O)537",
                            "RandomItemId": null,
                            "MaxItems": null,
                            "MinStack": -1,
                            "MaxStack": -1,
                            "Quality": -1,
                            "ObjectInternalName": null,
                            "ObjectDisplayName": null,
                            "ToolUpgradeLevel": -1,
                            "IsRecipe": false,
                            "StackModifiers": null,
                            "StackModifierMode": "Stack",
                            "QualityModifiers": null,
                            "QualityModifierMode": "Stack",
                            "ModData": null,
                            "PerItemCondition": null
                        },
                        {
                            "Chance": 0.025,
                            "ApplyGenerousEnchantment": true,
                            "OneDebrisPerDrop": true,
                            "Precedence": -1000,
                            "ContinueOnDrop": false,
                            "Condition": null,
                            "Id": "Frozen Geode",
                            "ItemId": "(O)536",
                            "RandomItemId": null,
                            "MaxItems": null,
                            "MinStack": -1,
                            "MaxStack": -1,
                            "Quality": -1,
                            "ObjectInternalName": null,
                            "ObjectDisplayName": null,
                            "ToolUpgradeLevel": -1,
                            "IsRecipe": false,
                            "StackModifiers": null,
                            "StackModifierMode": "Stack",
                            "QualityModifiers": null,
                            "QualityModifierMode": "Stack",
                            "ModData": null,
                            "PerItemCondition": null
                        },
                        {
                            "Chance": 1.0, // Prevent it from falling back to the default artifacts
                            "ApplyGenerousEnchantment": true,
                            "OneDebrisPerDrop": true,
                            "Precedence": -900,
                            "ContinueOnDrop": false,
                            "Condition": null,
                            "Id": "Clay",
                            "ItemId": "(O)330",
                            "RandomItemId": null,
                            "MaxItems": null,
                            "MinStack": -1,
                            "MaxStack": -1,
                            "Quality": -1,
                            "ObjectInternalName": null,
                            "ObjectDisplayName": null,
                            "ToolUpgradeLevel": -1,
                            "IsRecipe": false,
                            "StackModifiers": null,
                            "StackModifierMode": "Stack",
                            "QualityModifiers": null,
                            "QualityModifierMode": "Stack",
                            "ModData": null,
                            "PerItemCondition": null
                        }
                    ],
                    "Forage": [
                        {
                            "Chance": 0.8,
                            "Season": null,
                            "Condition": null,
                            "Id": "Quartz",
                            "ItemId": "(O)80",
                            "RandomItemId": null,
                            "MaxItems": null,
                            "MinStack": -1,
                            "MaxStack": -1,
                            "Quality": -1,
                            "ObjectInternalName": null,
                            "ObjectDisplayName": null,
                            "ToolUpgradeLevel": -1,
                            "IsRecipe": false,
                            "StackModifiers": null,
                            "StackModifierMode": "Stack",
                            "QualityModifiers": null,
                            "QualityModifierMode": "Stack",
                            "ModData": null,
                            "PerItemCondition": null
                        },
                        {
                            "Chance": 0.8,
                            "Season": null,
                            "Condition": null,
                            "Id": "Fire Quartz",
                            "ItemId": "(O)82",
                            "RandomItemId": null,
                            "MaxItems": null,
                            "MinStack": -1,
                            "MaxStack": -1,
                            "Quality": -1,
                            "ObjectInternalName": null,
                            "ObjectDisplayName": null,
                            "ToolUpgradeLevel": -1,
                            "IsRecipe": false,
                            "StackModifiers": null,
                            "StackModifierMode": "Stack",
                            "QualityModifiers": null,
                            "QualityModifierMode": "Stack",
                            "ModData": null,
                            "PerItemCondition": null
                        },
                        {
                            "Chance": 0.8,
                            "Season": null,
                            "Condition": null,
                            "Id": "Frozen Tear",
                            "ItemId": "(O)84",
                            "RandomItemId": null,
                            "MaxItems": null,
                            "MinStack": -1,
                            "MaxStack": -1,
                            "Quality": -1,
                            "ObjectInternalName": null,
                            "ObjectDisplayName": null,
                            "ToolUpgradeLevel": -1,
                            "IsRecipe": false,
                            "StackModifiers": null,
                            "StackModifierMode": "Stack",
                            "QualityModifiers": null,
                            "QualityModifierMode": "Stack",
                            "ModData": null,
                            "PerItemCondition": null
                        },
                        {
                            "Chance": 0.8,
                            "Season": null,
                            "Condition": null,
                            "Id": "Earth Crystal",
                            "ItemId": "(O)86",
                            "RandomItemId": null,
                            "MaxItems": null,
                            "MinStack": -1,
                            "MaxStack": -1,
                            "Quality": -1,
                            "ObjectInternalName": null,
                            "ObjectDisplayName": null,
                            "ToolUpgradeLevel": -1,
                            "IsRecipe": false,
                            "StackModifiers": null,
                            "StackModifierMode": "Stack",
                            "QualityModifiers": null,
                            "QualityModifierMode": "Stack",
                            "ModData": null,
                            "PerItemCondition": null
                        }
                    ],
                    "MinDailyWeeds": 0,
                    "MaxDailyWeeds": 0,
                    "MinDailyForageSpawn": 1,
                    "MaxDailyForageSpawn": 4,
                    "MaxSpawnedForageAtOnce": 12,
                    "MusicDefault": "starshoot"
                },
                "Custom_UnderwaterBeach": {
                    "DisplayName": "Underwater Beach",
                    "DefaultArrivalTile": null,
                    "ExcludeFromNpcPathfinding": true,
                    "CreateOnLoad": {
                        "MapPath": "Maps/UnderwaterBeach"
                    },
                    "CanPlantHere": false,
                    "CanHaveGreenRainSpawns": false,
                    "Forage": [
                        {
                            "Chance": 0.9,
                            "Season": null,
                            "Condition": null,
                            "Id": "Seaweed",
                            "ItemId": "(O)152",
                            "RandomItemId": null,
                            "MaxItems": null,
                            "MinStack": -1,
                            "MaxStack": -1,
                            "Quality": -1,
                            "ObjectInternalName": null,
                            "ObjectDisplayName": null,
                            "ToolUpgradeLevel": -1,
                            "IsRecipe": false,
                            "StackModifiers": null,
                            "StackModifierMode": "Stack",
                            "QualityModifiers": null,
                            "QualityModifierMode": "Stack",
                            "ModData": null,
                            "PerItemCondition": null
                        },
                        {
                            "Chance": 0.7,
                            "Season": null,
                            "Condition": null,
                            "Id": "Green Algae",
                            "ItemId": "(O)153",
                            "RandomItemId": null,
                            "MaxItems": null,
                            "MinStack": -1,
                            "MaxStack": -1,
                            "Quality": -1,
                            "ObjectInternalName": null,
                            "ObjectDisplayName": null,
                            "ToolUpgradeLevel": -1,
                            "IsRecipe": false,
                            "StackModifiers": null,
                            "StackModifierMode": "Stack",
                            "QualityModifiers": null,
                            "QualityModifierMode": "Stack",
                            "ModData": null,
                            "PerItemCondition": null
                        },
                        {
                            "Chance": 0.6,
                            "Season": null,
                            "Condition": null,
                            "Id": "White Algae",
                            "ItemId": "(O)157",
                            "RandomItemId": null,
                            "MaxItems": null,
                            "MinStack": -1,
                            "MaxStack": -1,
                            "Quality": -1,
                            "ObjectInternalName": null,
                            "ObjectDisplayName": null,
                            "ToolUpgradeLevel": -1,
                            "IsRecipe": false,
                            "StackModifiers": null,
                            "StackModifierMode": "Stack",
                            "QualityModifiers": null,
                            "QualityModifierMode": "Stack",
                            "ModData": null,
                            "PerItemCondition": null
                        },
                        {
                            "Chance": 0.7,
                            "Season": null,
                            "Condition": null,
                            "Id": "Clam",
                            "ItemId": "(O)372",
                            "RandomItemId": null,
                            "MaxItems": null,
                            "MinStack": -1,
                            "MaxStack": -1,
                            "Quality": -1,
                            "ObjectInternalName": null,
                            "ObjectDisplayName": null,
                            "ToolUpgradeLevel": -1,
                            "IsRecipe": false,
                            "StackModifiers": null,
                            "StackModifierMode": "Stack",
                            "QualityModifiers": null,
                            "QualityModifierMode": "Stack",
                            "ModData": null,
                            "PerItemCondition": null
                        },
                        {
                            "Chance": 0.6,
                            "Season": null,
                            "Condition": null,
                            "Id": "Coral",
                            "ItemId": "(O)393",
                            "RandomItemId": null,
                            "MaxItems": null,
                            "MinStack": -1,
                            "MaxStack": -1,
                            "Quality": -1,
                            "ObjectInternalName": null,
                            "ObjectDisplayName": null,
                            "ToolUpgradeLevel": -1,
                            "IsRecipe": false,
                            "StackModifiers": null,
                            "StackModifierMode": "Stack",
                            "QualityModifiers": null,
                            "QualityModifierMode": "Stack",
                            "ModData": null,
                            "PerItemCondition": null
                        },
                        {
                            "Chance": 0.6,
                            "Season": null,
                            "Condition": null,
                            "Id": "Sea Urchin",
                            "ItemId": "(O)152",
                            "RandomItemId": null,
                            "MaxItems": null,
                            "MinStack": -1,
                            "MaxStack": -1,
                            "Quality": -1,
                            "ObjectInternalName": null,
                            "ObjectDisplayName": null,
                            "ToolUpgradeLevel": -1,
                            "IsRecipe": false,
                            "StackModifiers": null,
                            "StackModifierMode": "Stack",
                            "QualityModifiers": null,
                            "QualityModifierMode": "Stack",
                            "ModData": null,
                            "PerItemCondition": null
                        },
                        {
                            "Chance": 0.1,
                            "Season": null,
                            "Condition": null,
                            "Id": "Mussel",
                            "ItemId": "(O)719",
                            "RandomItemId": null,
                            "MaxItems": null,
                            "MinStack": -1,
                            "MaxStack": -1,
                            "Quality": -1,
                            "ObjectInternalName": null,
                            "ObjectDisplayName": null,
                            "ToolUpgradeLevel": -1,
                            "IsRecipe": false,
                            "StackModifiers": null,
                            "StackModifierMode": "Stack",
                            "QualityModifiers": null,
                            "QualityModifierMode": "Stack",
                            "ModData": null,
                            "PerItemCondition": null
                        },
                        {
                            "Chance": 0.1,
                            "Season": null,
                            "Condition": null,
                            "Id": "Oyster",
                            "ItemId": "(O)723",
                            "RandomItemId": null,
                            "MaxItems": null,
                            "MinStack": -1,
                            "MaxStack": -1,
                            "Quality": -1,
                            "ObjectInternalName": null,
                            "ObjectDisplayName": null,
                            "ToolUpgradeLevel": -1,
                            "IsRecipe": false,
                            "StackModifiers": null,
                            "StackModifierMode": "Stack",
                            "QualityModifiers": null,
                            "QualityModifierMode": "Stack",
                            "ModData": null,
                            "PerItemCondition": null
                        },
                        {
                            "Chance": 0.1,
                            "Season": null,
                            "Condition": null,
                            "Id": "Cockle",
                            "ItemId": "(O)718",
                            "RandomItemId": null,
                            "MaxItems": null,
                            "MinStack": -1,
                            "MaxStack": -1,
                            "Quality": -1,
                            "ObjectInternalName": null,
                            "ObjectDisplayName": null,
                            "ToolUpgradeLevel": -1,
                            "IsRecipe": false,
                            "StackModifiers": null,
                            "StackModifierMode": "Stack",
                            "QualityModifiers": null,
                            "QualityModifierMode": "Stack",
                            "ModData": null,
                            "PerItemCondition": null
                        },
                        {
                            "Chance": 0.2,
                            "Season": null,
                            "Condition": null,
                            "Id": "Rainbow Shell",
                            "ItemId": "(O)394",
                            "RandomItemId": null,
                            "MaxItems": null,
                            "MinStack": -1,
                            "MaxStack": -1,
                            "Quality": -1,
                            "ObjectInternalName": null,
                            "ObjectDisplayName": null,
                            "ToolUpgradeLevel": -1,
                            "IsRecipe": false,
                            "StackModifiers": null,
                            "StackModifierMode": "Stack",
                            "QualityModifiers": null,
                            "QualityModifierMode": "Stack",
                            "ModData": null,
                            "PerItemCondition": null
                        },
                        {
                            "Chance": 0.05,
                            "Season": null,
                            "Condition": null,
                            "Id": "Nautilus Shell",
                            "ItemId": "(O)392",
                            "RandomItemId": null,
                            "MaxItems": null,
                            "MinStack": -1,
                            "MaxStack": -1,
                            "Quality": -1,
                            "ObjectInternalName": null,
                            "ObjectDisplayName": null,
                            "ToolUpgradeLevel": -1,
                            "IsRecipe": false,
                            "StackModifiers": null,
                            "StackModifierMode": "Stack",
                            "QualityModifiers": null,
                            "QualityModifierMode": "Stack",
                            "ModData": null,
                            "PerItemCondition": null
                        }
                    ],
                    "MinDailyWeeds": 0,
                    "MaxDailyWeeds": 0,
                    "MinDailyForageSpawn": 2,
                    "MaxDailyForageSpawn": 6,
                    "MaxSpawnedForageAtOnce": 20,
                    "MusicDefault": "shaneTheme"
                },
                "Custom_ScubaCrystalCave": {
                    "DisplayName": "Ancient Mariner's Cave",
                    "CreateOnLoad": {
                        "MapPath": "Maps/CrystalCaveDark"
                    },
                    "CanPlantHere": false,
                    "ExcludeFromNpcPathfinding": true,
                    "MusicDefault": "SettlingIn"
                },
                "Custom_ScubaCave": {
                    "DisplayName": "Scuba Mask Cave",
                    "CreateOnLoad": {
                        "MapPath": "Maps/ScubaMaskCave"
                    },
                    "CanPlantHere": false,
                    "ExcludeFromNpcPathfinding": true,
                    "MusicDefault": "stardrop"
                },
                "Custom_ScubaAbigailCave": {
                    "DisplayName": "Prairie King Cave",
                    "CreateOnLoad": {
                        "MapPath": "Maps/ScubaAbigailCave"
                    },
                    "CanPlantHere": false,
                    "ExcludeFromNpcPathfinding": true,
                    "MusicDefault": "Cowboy_OVERWORLD"
                }
            }
        }
    ]
}